{
  "roc_auc": 0.6589607102433063,
  "f1_score": 0.3442492012779553,
  "confusion_matrix": [
    [
      8381,
      653
    ],
    [
      989,
      431
    ]
  ],
  "cv_roc_auc_mean": 0.6464116192307939,
  "cv_roc_auc_std": 0.01322277431329505
}