{
  "roc_auc": 0.6510839333098437,
  "f1_score": 0.33510856206472756,
  "confusion_matrix": [
    [
      8422,
      612
    ],
    [
      1011,
      409
    ]
  ],
  "cv_roc_auc_mean": 0.813756708148121,
  "cv_roc_auc_std": 0.003904452112077878
}