{
  "roc_auc": 0.5517307074681875,
  "f1_score": 0.25933129573029545,
  "confusion_matrix": [
    [
      1057,
      7977
    ],
    [
      20,
      1400
    ]
  ],
  "cv_roc_auc_mean": 0.5472968978889046,
  "cv_roc_auc_std": 0.003035609623648922
}