{
  "roc_auc": 0.5497217086000619,
  "f1_score": 0.2583687812095432,
  "confusion_matrix": [
    [
      1037,
      7997
    ],
    [
      23,
      1397
    ]
  ],
  "cv_roc_auc_mean": 0.5534026289836491,
  "cv_roc_auc_std": 0.0014026290322970147
}