{
  "roc_auc": 0.8412064594785895,
  "f1_score": 0.5871056241426612,
  "confusion_matrix": [
    [
      8394,
      640
    ],
    [
      564,
      856
    ]
  ],
  "cv_roc_auc_mean": 0.8337126640576539,
  "cv_roc_auc_std": 0.003959769313098045
}