{
  "roc_auc": 0.8396721540222073,
  "f1_score": 0.5856164383561644,
  "confusion_matrix": [
    [
      8389,
      645
    ],
    [
      565,
      855
    ]
  ],
  "cv_roc_auc_mean": 0.9896086804809908,
  "cv_roc_auc_std": 0.0005888173800957648
}