{
  "roc_auc": 0.7922337211223953,
  "f1_score": 0.3977272727272727,
  "confusion_matrix": [
    [
      8198,
      836
    ],
    [
      860,
      560
    ]
  ],
  "cv_roc_auc_mean": 0.9542148391794656,
  "cv_roc_auc_std": 0.00157177010555391
}