{
  "roc_auc": 0.7922863392442323,
  "f1_score": 0.39814814814814814,
  "confusion_matrix": [
    [
      8205,
      829
    ],
    [
      861,
      559
    ]
  ],
  "cv_roc_auc_mean": 0.7785674795465171,
  "cv_roc_auc_std": 0.004528054232085727
}