{
  "roc_auc": 0.7871027136919369,
  "f1_score": 0.4578034682080925,
  "confusion_matrix": [
    [
      7786,
      1248
    ],
    [
      628,
      792
    ]
  ],
  "cv_roc_auc_mean": 0.8721883940690723,
  "cv_roc_auc_std": 0.004743575393347061
}