{
  "roc_auc": 0.7856591842398201,
  "f1_score": 0.4536796536796537,
  "confusion_matrix": [
    [
      7775,
      1259
    ],
    [
      634,
      786
    ]
  ],
  "cv_roc_auc_mean": 0.7735154574748622,
  "cv_roc_auc_std": 0.01142854204383005
}