{
  "roc_auc": 0.8226234927831323,
  "f1_score": 0.4674444862627023,
  "confusion_matrix": [
    [
      8418,
      616
    ],
    [
      799,
      621
    ]
  ],
  "cv_roc_auc_mean": 0.9559624990965416,
  "cv_roc_auc_std": 0.002671624690873586
}