{
  "roc_auc": 0.8201951469721585,
  "f1_score": 0.4830383480825959,
  "confusion_matrix": [
    [
      8397,
      637
    ],
    [
      765,
      655
    ]
  ],
  "cv_roc_auc_mean": 0.8059951619666087,
  "cv_roc_auc_std": 0.010498940973023372
}